ymd,category,addr,notes,count
2016/01/01,車上ねらい,流山9丁目,,1
2016/01/01,部品ねらい,大字東深井,,1
2016/01/01,空き巣,平和台4丁目,,1
2016/01/01,非侵入窃盗,平和台3丁目,,1
2016/01/02,空き巣,加2丁目,,1
2016/01/03,車上ねらい,向小金2丁目,,1
2016/01/03,その他侵入盗,大字西平井,,1
2016/01/03,器物損壊,南流山3丁目,,1
2016/01/04,自転車盗,市野谷,,1
2016/01/04,自転車盗,加3丁目,,1
2016/01/04,自転車盗,大字東深井,,1
2016/01/04,器物損壊,南流山3丁目,,1
2016/01/04,その他犯罪,平和台4丁目,,1
2016/01/05,器物損壊,南流山3丁目,,1
2016/01/06,空き巣,駒木,集合住宅,1
2016/01/06,その他犯罪,南流山1丁目,,1
2016/01/07,オートバイ盗,野々下5丁目,,1
2016/01/07,オートバイ盗,流山2丁目,,1
2016/01/07,部品ねらい,向小金3丁目,,1
2016/01/07,自転車盗,東初石4丁目,,1
2016/01/07,自転車盗,江戸川台東2丁目,,1
2016/01/07,非侵入窃盗,南流山5丁目,,1
2016/01/08,オートバイ盗,駒木,,1
2016/01/08,忍び込み,美原1丁目,戸建て,1
2016/01/08,その他侵入盗,南流山7丁目,戸建て,1
2016/01/08,その他犯罪,流山1丁目,,1
2016/01/09,その他犯罪,流山2丁目,,1
2016/01/09,その他犯罪,宮園1丁目,,1
2016/01/09,その他犯罪,青田,未遂,1
2016/01/10,車上ねらい,西初石1丁目,,1
2016/01/10,部品ねらい,大字木,,1
2016/01/10,自転車盗,加3丁目,,1
2016/01/11,オートバイ盗,東初石6丁目,,1
2016/01/11,自転車盗,前平井,,1
2016/01/11,自転車盗,西初石6丁目,,1
2016/01/13,車上ねらい,東初石3丁目,,1
2016/01/13,非侵入窃盗,向小金1丁目,,1
2016/01/13,非侵入窃盗,大字木,,1
2016/01/13,非侵入窃盗,南流山3丁目,,1
2016/01/13,万引き,西初石6丁目,,1
2016/01/14,空き巣,駒木,集合住宅,1
2016/01/15,自動車盗,大字東深井,,1
2016/01/15,オートバイ盗,平和台4丁目,,1
2016/01/15,空き巣,鰭ヶ崎,集合住宅,1
2016/01/15,空き巣,十太夫,集合住宅,1
2016/01/15,振り込め詐欺,西初石4丁目,,1
2016/01/15,その他犯罪,十太夫,,1
2016/01/16,車上ねらい,平和台4丁目,,1
2016/01/16,空き巣,十太夫,集合住宅,1
2016/01/16,万引き,野々下6丁目,,1
2016/01/17,空き巣,大字西深井,集合住宅(未遂),1
2016/01/17,器物損壊,青田,,1
2016/01/17,その他犯罪,南流山3丁目,,1
2016/01/18,車上ねらい,平和台4丁目,未遂,1
2016/01/18,自転車盗,西初石3丁目,,1
2016/01/18,非侵入窃盗,向小金1丁目,,1
2016/01/18,非侵入窃盗,南流山5丁目,,1
2016/01/18,非侵入窃盗,大字西深井,,1
2016/01/18,万引き,西初石6丁目,,1
2016/01/19,車上ねらい,平和台5丁目,,1
2016/01/19,自転車盗,大字東深井,,1
2016/01/19,置き引き,南流山6丁目,,1
2016/01/19,置き引き,西初石6丁目,,1
2016/01/19,万引き,西初石3丁目,,1
2016/01/19,その他非侵入窃盗,駒木,,1
2016/01/20,万引き,西初石6丁目,,1
2016/01/20,万引き,松ヶ丘3丁目,,1
2016/01/21,自動車盗,南流山7丁目,,1
2016/01/21,空き巣,南流山6丁目,集合住宅,1
2016/01/21,自転車盗,駒木,,1
2016/01/21,自転車盗,美田,2件,1
2016/01/21,非侵入窃盗,大字西深井,,1
2016/01/22,自動車盗,加3丁目,,1
2016/01/22,空き巣,鰭ヶ崎,戸建て,1
2016/01/22,空き巣,流山6丁目,戸建て(未遂),1
2016/01/22,空き巣,平和台2丁目,戸建て,1
2016/01/23,器物損壊,西初石4丁目,,1
2016/01/23,その他犯罪,十太夫,,1
2016/01/24,空き巣,鰭ヶ崎,戸建て(未遂),1
2016/01/24,自転車盗,西初石6丁目,,1
2016/01/24,自転車盗,大字東深井,,1
2016/01/25,器物損壊,南流山1丁目,,1
2016/01/26,自動車盗,大字西平井,,1
2016/01/26,車上ねらい,大字中野久木,,1
2016/01/26,車上ねらい,青田,,1
2016/01/26,万引き,流山9丁目,,1
2016/01/27,器物損壊,東初石3丁目,,1
2016/01/28,自動車盗,南流山2丁目,未遂,1
2016/01/28,空き巣,平和台5丁目,集合住宅,1
2016/01/28,その他犯罪,前ヶ崎,,1
2016/01/28,その他犯罪,大字流山,,1
2016/01/29,空き巣,江戸川台西1丁目,戸建て(未遂),1
2016/01/30,自転車盗,西初石6丁目,,1
2016/01/31,自転車盗,西初石3丁目,,1
2016/01/31,器物損壊,江戸川台東2丁目,3件,1
2016/01/31,万引き,大字西平井,,1
2016/01/31,万引き,十太夫,2件,1
2016/02/01,忍び込み,大字中野久木,集合住宅,1
2016/02/01,自転車盗,南流山6丁目,,1
2016/02/01,自転車盗,西初石6丁目,,1
2016/02/01,非侵入窃盗,大字西平井,未遂,1
2016/02/02,万引き,向小金2丁目,,1
2016/02/02,万引き,西初石2丁目,,1
2016/02/02,その他犯罪,南流山2丁目,,1
2016/02/03,車上ねらい,平和台4丁目,,1
2016/02/03,車上ねらい,芝崎,,1
2016/02/03,車上ねらい,芝崎,未遂,1
2016/02/03,その他侵入盗,鰭ヶ崎,未遂,1
2016/02/03,非侵入窃盗,平和台5丁目,,1
2016/02/04,車上ねらい,大字西平井,,1
2016/02/05,自転車盗,加1丁目,,1
2016/02/05,自転車盗,市野谷,,1
2016/02/05,非侵入窃盗,大字木,,1
2016/02/05,万引き,流山9丁目,,1
2016/02/06,車上ねらい,南流山3丁目,,1
2016/02/06,器物損壊,大字三輪野山1丁目,,1
2016/02/07,車上ねらい,野々下4丁目,,1
2016/02/08,自転車盗,大字東深井,,1
2016/02/09,オートバイ盗,江戸川台西1丁目,,1
2016/02/09,空き巣,西初石3丁目,集合住宅,1
2016/02/09,侵入盗その他,大字東深井,集合住宅,1
2016/02/10,自転車盗,野々下1丁目,,1
2016/02/10,自転車盗,大字東深井,,1
2016/02/10,器物損壊,江戸川台東2丁目,,1
2016/02/10,万引き,西初石6丁目,,1
2016/02/11,自転車盗,大字東深井,,1
2016/02/11,自転車盗,市野谷,,1
2016/02/11,自転車盗,加1丁目,,1
2016/02/11,万引き,流山6丁目,,1
2016/02/12,自転車盗,南流山4丁目,,1
2016/02/12,器物損壊,西初石3丁目,,1
2016/02/12,その他犯罪,流山9丁目,,1
2016/02/13,自転車盗,向小金2丁目,,1
2016/02/14,オートバイ盗,南流山6丁目,,1
2016/02/14,オートバイ盗,南流山6丁目,未遂,1
2016/02/14,その他犯罪,西初石4丁目,,1
2016/02/15,空き巣,南流山7丁目,戸建2件,1
2016/02/15,非侵入窃盗,江戸川台東3丁目,,1
2016/02/16,空き巣,南流山7丁目,,1
2016/02/16,その他侵入盗,大字木,2件,1
2016/02/16,自転車盗,西初石3丁目,,1
2016/02/16,非侵入窃盗,大字木,,1
2016/02/16,万引き,大字西平井,,1
2016/02/17,オートバイ盗,南流山6丁目,,1
2016/02/17,車上ねらい,大字西平井,,1
2016/02/17,空き巣,十太夫,集合住宅,1
2016/02/17,暴行,江戸川台西1丁目,,1
2016/02/18,自転車盗,流山9丁目,,1
2016/02/18,傷害,平和台4丁目,,1
2016/02/19,自転車盗,西初石2丁目,,1
2016/02/20,自転車盗,流山9丁目,,1
2016/02/20,非侵入窃盗,大字東深井,,1
2016/02/20,非侵入窃盗,西初石6丁目,,1
2016/02/21,その他侵入盗,美田,,1
2016/02/22,自転車盗,流山8丁目,,1
2016/02/23,強盗,西初石4丁目,,1
2016/02/23,万引き,西初石6丁目,,1
2016/02/24,非侵入盗,向小金2丁目,,1
2016/02/24,横領,鰭ヶ崎,,1
2016/02/25,オートバイ盗,大字三輪野山1丁目,,1
2016/02/25,自転車盗,前ヶ崎,,1
2016/02/25,器物損壊,市野谷,,1
2016/02/25,住居侵入,流山8丁目,,1
2016/02/25,非侵入窃盗,青田,,1
2016/02/26,その他侵入盗,美原3丁目,,1
2016/02/26,万引き,美原2丁目,,1
2016/02/26,建造物侵入,向小金1丁目,,1
2016/02/27,器物損壊,松ヶ丘5丁目,,1
2016/02/27,器物損壊,松ヶ丘6丁目,,1
2016/02/28,自転車盗,南流山6丁目,,1
2016/02/28,万引き,西初石6丁目,,1
2016/02/29,自転車盗,南流山1丁目,,1
2016/02/29,自転車盗,野々下1丁目,2件,1
2016/03/01,自転車盗,大字西平井,,1
2016/03/01,建造物侵入,大字平方,,1
2016/03/01,非侵入窃盗,南流山2丁目,,1
2016/03/02,ひったくり,大字西平井,,1
2016/03/02,自転車盗,大字東深井,,1
2016/03/02,傷害,鰭ヶ崎,,1
2016/03/02,詐欺,思井,,1
2016/03/03,車上ねらい,十太夫,,1
2016/03/03,空き巣,平和台5丁目,集合住宅,1
2016/03/03,傷害,江戸川台東2丁目,,1
2016/03/03,自転車盗,十太夫,,1
2016/03/04,空き巣,西初石6丁目,集合住宅,1
2016/03/04,空き巣,大字平方,戸建,1
2016/03/04,自転車盗,大字西平井,,1
2016/03/05,自転車盗,市野谷,1件,1
2016/03/05,器物損壊,向小金2丁目,2件,1
2016/03/05,傷害,南流山2丁目,,1
2016/03/06,忍び込み,駒木,戸建,1
2016/03/06,非侵入窃盗,大字東深井,,1
2016/03/06,暴行,美原2丁目,,1
2016/03/07,自転車盗,駒木,,1
2016/03/07,自転車盗,南流山4丁目,,1
2016/03/08,空き巣,大字西平井,戸建,1
2016/03/08,空き巣,西初石6丁目,集合住宅,1
2016/03/08,器物損壊,江戸川台西2丁目,,1
2016/03/09,空き巣,西初石6丁目,集合住宅3件,1
2016/03/09,非侵入窃盗,大字南,,1
2016/03/09,万引き,西初石6丁目,,1
2016/03/10,オートバイ盗,大字東深井,,1
2016/03/10,空き巣,後平井,集合住宅,1
2016/03/10,器物損壊,江戸川台東2丁目,,1
2016/03/10,万引き,西初石6丁目,,1
2016/03/10,非侵入窃盗,大字西深井,,1
2016/03/10,非侵入窃盗,前平井,,1
2016/03/11,オートバイ盗,大字西平井,,1
2016/03/11,自転車盗,大字東深井,,1
2016/03/11,傷害,向小金2丁目,,1
2016/03/12,強盗,大字上新宿,,1
2016/03/12,自転車盗,江戸川台西3丁目,,1
2016/03/12,万引き,野々下3丁目,,1
2016/03/12,万引き,大字木,,1
2016/03/12,万引き,流山9丁目,,1
2016/03/13,部品ねらい,西初石2丁目,,1
2016/03/13,事務所荒し,市野谷,,1
2016/03/13,自転車盗,東初石4丁目,,1
2016/03/13,自転車盗,大字木,,1
2016/03/14,車上ねらい,南流山4丁目,,1
2016/03/14,自転車盗,南流山2丁目,,1
2016/03/14,器物損壊,前平井,,1
2016/03/15,空き巣,西初石4丁目,集合住宅,1
2016/03/15,自転車盗,大字東深井,,1
2016/03/15,非侵入窃盗,西初石6丁目,,1
2016/03/15,非侵入窃盗,市野谷,,1
2016/03/15,万引き,西初石6丁目,,1
2016/03/15,傷害,古間木,,1
2016/03/16,自転車盗,前平井,,1
2016/03/17,オートバイ盗,江戸川台西3丁目,,1
2016/03/17,器物損壊,美原4丁目,,1
2016/03/17,暴行,西初石6丁目,,1
2016/03/17,非侵入窃盗,大字東深井,,1
2016/03/18,自動車盗,前平井,,1
2016/03/18,自転車盗,南流山3丁目,,1
2016/03/20,傷害,南流山2丁目,,1
2016/03/20,非侵入窃盗,江戸川台西3丁目,,1
2016/03/21,自転車盗,大字木,,1
2016/03/21,自転車盗,南流山6丁目,,1
2016/03/21,器物損壊,加2丁目,,1
2016/03/22,自転車盗,南流山1丁目,,1
2016/03/22,器物損壊,前平井,,1
2016/03/22,器物損壊,松ヶ丘6丁目,,1
2016/03/22,万引き,大字東深井,,1
2016/03/23,空き巣,鰭ヶ崎,集合住宅,1
2016/03/23,自転車盗,東初石6丁目,,1
2016/03/24,車上ねらい,大字流山,,1
2016/03/24,車上ねらい,大字東深井,,1
2016/03/24,車上ねらい,加3丁目,,1
2016/03/25,車上ねらい,平和台4丁目,,1
2016/03/25,車上ねらい,南流山1丁目,未遂,1
2016/03/25,空き巣,江戸川台西2丁目,集合住宅,1
2016/03/25,忍び込み,駒木台,戸建,1
2016/03/25,器物損壊,江戸川台西3丁目,,1
2016/03/26,オートバイ盗,松ヶ丘5丁目,,1
2016/03/26,車上ねらい,大字下花輪,,1
2016/03/26,部品ねらい,長崎1丁目,,1
2016/03/26,暴行,流山7丁目,,1
2016/03/26,非侵入窃盗,大字木,,1
2016/03/27,車上ねらい,野々下3丁目,,1
2016/03/27,空き巣,大字東深井,集合住宅,1
2016/03/27,自転車盗,向小金3丁目,,1
2016/03/28,自動車盗,野々下1丁目,,1
2016/03/28,自動車盗,大字三輪野山4丁目,,1
2016/03/28,部品ねらい,流山9丁目,,1
2016/03/28,空き巣,長崎1丁目,集合住宅,1
2016/03/28,自転車盗,美原4丁目,,1
2016/03/28,非侵入窃盗,大字三輪野山4丁目,,1
2016/03/29,車上ねらい,南流山4丁目,,1
2016/03/29,自転車盗,江戸川台西2丁目,,1
2016/03/29,万引き,西初石6丁目,,1
2016/03/30,車上ねらい,南流山4丁目,,1
2016/03/30,暴行,大字東深井,2件,1
2016/03/30,非侵入窃盗,大字東深井,,1
2016/03/30,非侵入窃盗,東初石6丁目,,1
2016/03/31,オートバイ盗,南流山8丁目,,1
2016/03/31,オートバイ盗,江戸川台西3丁目,,1
2016/03/31,部品ねらい,名都借,,1
2016/03/31,自転車盗,加3丁目,,1
2016/03/31,振り込め詐欺,江戸川台東2丁目,,1
2016/04/01,その他侵入盗,松ヶ丘5丁目,,1
2016/04/01,暴行,平和台5丁目,,1
2016/04/02,自動車盗,野々下2丁目,,1
2016/04/02,自転車盗,西初石6丁目,,1
2016/04/02,器物損壊,大字東深井,,1
2016/04/02,万引き,流山9丁目,,1
2016/04/03,車上ねらい,野々下5丁目,,1
2016/04/03,車上ねらい,南流山3丁目,,1
2016/04/03,空き巣,大字西深井,集合住宅,1
2016/04/03,自転車盗,青田,,1
2016/04/04,自転車盗,鰭ヶ崎,,1
2016/04/05,自動車盗,松ヶ丘5丁目,,1
2016/04/05,自転車盗,南流山4丁目,,1
2016/04/05,自転車盗,加1丁目,,1
2016/04/05,自転車盗,江戸川台西2丁目,,1
2016/04/05,電話de詐欺,野々下3丁目,還付金,1
2016/04/06,車上ねらい,西初石6丁目,,1
2016/04/06,自転車盗,大字東深井,,1
2016/04/07,忍び込み,西初石1丁目,戸建,1
2016/04/07,忍び込み,江戸川台西3丁目,戸建,1
2016/04/07,自転車盗,松ヶ丘3丁目,,1
2016/04/08,空き巣,向小金2丁目,集合住宅,1
2016/04/08,空き巣,宮園3丁目,戸建,1
2016/04/08,自転車盗,江戸川台東1丁目,,1
2016/04/09,空き巣,向小金1丁目,集合住宅,1
2016/04/09,空き巣,向小金1丁目,集合住宅・未遂,1
2016/04/09,器物損壊,古間木,,1
2016/04/09,器物損壊,加5丁目,,1
2016/04/09,暴行,江戸川台東2丁目,,1
2016/04/09,恐喝,美田,,1
2016/04/10,自転車盗,向小金3丁目,,1
2016/04/11,車上ねらい,加5丁目,,1
2016/04/11,自転車盗,大字東深井,,1
2016/04/11,万引き,大字東深井,,1
2016/04/11,非侵入窃盗,市野谷,,1
2016/04/12,器物損壊,美原4丁目,,1
2016/04/12,器物損壊,流山2丁目,,1
2016/04/12,非侵入窃盗,江戸川台東3丁目,,1
2016/04/13,空き巣,南流山7丁目,集合住宅・2件,1
2016/04/13,空き巣,大字西深井,戸建,1
2016/04/14,オートバイ盗,大字東深井,,1
2016/04/14,車上ねらい,大字東深井,,1
2016/04/14,自転車盗,大字流山,,1
2016/04/14,自転車盗,江戸川台東2丁目,,1
2016/04/14,非侵入窃盗,大字木,,1
2016/04/14,非侵入窃盗,江戸川台東3丁目,,1
2016/04/14,万引き,西初石6丁目,,1
2016/04/15,空き巣,南流山7丁目,集合住宅,1
2016/04/15,空き巣,宮園2丁目,集合住宅,1
2016/04/15,自転車盗,流山9丁目,,1
2016/04/15,詐欺,前ヶ崎,,1
2016/04/15,非侵入窃盗,駒木,,1
2016/04/15,非侵入窃盗,大字東深井,,1
2016/04/16,自転車盗,大字東深井,2件,1
2016/04/16,器物損壊,古間木,,1
2016/04/16,非侵入窃盗,江戸川台西4丁目,,1
2016/04/17,工事場ねらい,東初石5丁目,,1
2016/04/18,車上ねらい,駒木台,,1
2016/04/18,非侵入窃盗,西初石6丁目,未遂,1
2016/04/19,忍び込み,松ヶ丘1丁目,集合住宅,1
2016/04/19,自転車盗,加4丁目,,1
2016/04/20,忍び込み,南流山4丁目,戸建,1
2016/04/20,暴行,南流山4丁目,,1
2016/04/21,車上ねらい,大字中野久木,,1
2016/04/21,空き巣,東初石5丁目,戸建,1
2016/04/21,自転車盗,東初石2丁目,,1
2016/04/21,器物損壊,南流山8丁目,,1
2016/04/21,器物損壊,野々下2丁目,,1
2016/04/22,オートバイ盗,大字三輪野山1丁目,,1
2016/04/22,自転車盗,十太夫,,1
2016/04/22,自転車盗,大字東深井,,1
2016/04/22,自転車盗,松ヶ丘6丁目,,1
2016/04/22,自転車盗,南流山6丁目,,1
2016/04/22,自転車盗,江戸川台西4丁目,,1
2016/04/22,傷害,南流山2丁目,,1
2016/04/22,詐欺,十太夫,,1
2016/04/22,非侵入窃盗,西初石6丁目,,1
2016/04/22,非侵入窃盗,大字木,,1
2016/04/22,非侵入窃盗,野々下3丁目,,1
2016/04/22,非侵入窃盗,大字流山,,1
2016/04/24,オートバイ盗,富士見台2丁目,,1
2016/04/24,車上ねらい,流山2丁目,,1
2016/04/24,自転車盗,前平井,,1
2016/04/24,器物損壊,富士見台2丁目,,1
2016/04/24,器物損壊,南流山7丁目,,1
2016/04/24,非侵入窃盗,南流山6丁目,,1
2016/04/25,オートバイ盗,加6丁目,,1
2016/04/25,自転車盗,鰭ヶ崎,,1
2016/04/25,器物損壊,富士見台2丁目,,1
2016/04/25,器物損壊,古間木,,1
2016/04/25,振り込め詐欺,江戸川台東2丁目,,1
2016/04/25,万引き,西初石6丁目,,1
2016/04/26,忍び込み,東初石5丁目,戸建,1
2016/04/26,器物損壊,大字三輪野山5丁目,,1
2016/04/27,自動車盗,流山8丁目,,1
2016/04/27,車上ねらい,富士見台2丁目,,1
2016/04/27,自販機ねらい,東初石2丁目,,1
2016/04/27,空き巣,市野谷,戸建,1
2016/04/27,空き巣,鰭ヶ崎,集合住宅,1
2016/04/27,出店荒し,南流山1丁目,,1
2016/04/27,自転車盗,南流山2丁目,,1
2016/04/27,非侵入窃盗,野々下1丁目,,1
2016/04/28,器物損壊,大字三輪野山1丁目,,1
2016/04/28,万引き,大字東深井,,1
2016/04/28,置引き,向小金1丁目,,1
2016/04/29,自転車盗,西初石2丁目,,1
2016/04/29,自転車盗,市野谷,,1
2016/04/29,置引き,西初石6丁目,,1
2016/04/30,車上ねらい,加6丁目,,1
2016/05/01,自転車盗,大字東深井,,1
2016/05/01,住居侵入,流山8丁目,,1
2016/05/01,置引き,西初石6丁目,,1
2016/05/03,出店荒し,南流山7丁目,,1
2016/05/03,自転車盗,加1丁目,,1
2016/05/03,自転車盗,向小金4丁目,,1
2016/05/03,器物損壊,東初石2丁目,,1
2016/05/03,器物損壊,平和台5丁目,,1
2016/05/04,忍び込み,十太夫,戸建,1
2016/05/04,自転車盗,大字東深井,,1
2016/05/04,自転車盗,南流山2丁目,,1
2016/05/05,自販機ねらい,東初石2丁目,,1
2016/05/05,器物損壊,東初石2丁目,,1
2016/05/05,住居侵入,東初石1丁目,,1
2016/05/06,自転車盗,大字東深井,,1
2016/05/06,自転車盗,中,,1
2016/05/06,自転車盗,南流山4丁目,,1
2016/05/06,万引き,大字東深井,,1
2016/05/06,万引き,江戸川台東3丁目,,1
2016/05/07,万引き,野々下3丁目,,1
2016/05/07,横領,南流山4丁目,,1
2016/05/07,住居侵入,江戸川台東3丁目,,1
2016/05/08,忍び込み,十太夫,戸建,1
2016/05/08,忍び込み,東初石5丁目,戸建,1
2016/05/08,自転車盗,流山1丁目,,1
2016/05/08,自転車盗,南流山2丁目,,1
2016/05/08,器物損壊,松ヶ丘5丁目,,1
2016/05/08,非侵入窃盗,南流山1丁目,,1
2016/05/09,器物損壊,南流山3丁目,,1
2016/05/09,置引き,大字東深井,,1
2016/05/09,置引き,駒木台,,1
2016/05/09,住居侵入,南流山5丁目,,1
2016/05/10,自転車盗,流山2丁目,,1
2016/05/10,非侵入窃盗,古間木,,1
2016/05/10,無銭飲食,東初石6丁目,,1
2016/05/11,車上ねらい,西初石3丁目,,1
2016/05/11,自転車盗,大字東深井,,1
2016/05/11,万引き,向小金1丁目,,1
2016/05/11,暴行,流山4丁目,,1
2016/05/11,傷害,南流山4丁目,,1
2016/05/12,自転車盗,西初石2丁目,,1
2016/05/12,自転車盗,江戸川台西1丁目,,1
2016/05/12,万引き,流山9丁目,,1
2016/05/13,車上ねらい,江戸川台東3丁目,,1
2016/05/13,車上ねらい,後平井,,1
2016/05/13,自転車盗,江戸川台東1丁目,,1
2016/05/14,自転車盗,大字東深井,,1
2016/05/14,住居侵入,野々下6丁目,4件,1
2016/05/15,部品ねらい,大字西深井,,1
2016/05/15,自転車盗,大字西深井,,1
2016/05/15,自転車盗,中,,1
2016/05/15,自転車盗,加1丁目,,1
2016/05/15,万引き,西初石6丁目,,1
2016/05/15,暴行,向小金2丁目,,1
2016/05/16,自動車盗,流山9丁目,,1
2016/05/16,車上ねらい,加2丁目,,1
2016/05/16,自販機ねらい,流山9丁目,,1
2016/05/16,事務所荒し,市野谷,,1
2016/05/16,事務所荒し,後平井,未遂,1
2016/05/16,自転車盗,南流山2丁目,,1
2016/05/16,器物損壊,西初石6丁目,,1
2016/05/16,万引き,西初石6丁目,,1
2016/05/17,ひったくり,江戸川台西1丁目,,1
2016/05/17,暴行,野々下6丁目,,1
2016/05/18,車上ねらい,南流山6丁目,,1
2016/05/18,車上ねらい,南流山7丁目,,1
2016/05/18,空き巣,向小金2丁目,集合住宅・未遂,1
2016/05/18,忍び込み,流山8丁目,戸建,1
2016/05/18,傷害,大字西平井,,1
2016/05/18,万引き,西初石6丁目,,1
2016/05/20,空き巣,向小金1丁目,集合住宅,1
2016/05/20,忍び込み,十太夫,戸建,1
2016/05/20,自転車盗,大字東深井,2件,1
2016/05/20,自転車盗,美原3丁目,,1
2016/05/20,自転車盗,大字西平井,,1
2016/05/20,詐欺,向小金1丁目,無賃乗車,1
2016/05/21,オートバイ盗,向小金1丁目,,1
2016/05/21,自転車盗,駒木,,1
2016/05/21,自転車盗,松ヶ丘1丁目,,1
2016/05/21,器物損壊,平和台3丁目,,1
2016/05/22,ひったくり,大字東深井,,1
2016/05/22,ひったくり,江戸川台東1丁目,,1
2016/05/22,車上ねらい,古間木,未遂,1
2016/05/22,器物損壊,平和台5丁目,,1
2016/05/22,暴行,南流山3丁目,,1
2016/05/23,車上ねらい,美田,,1
2016/05/23,部品ねらい,大字東深井,,1
2016/05/23,忍び込み,大字東深井,戸建,1
2016/05/23,自転車盗,江戸川台西2丁目,,1
2016/05/23,工事場ねらい,西初石5丁目,,1
2016/05/24,空き巣,南流山7丁目,集合住宅,1
2016/05/24,空き巣,南流山6丁目,集合住宅,1
2016/05/24,忍び込み,西初石5丁目,戸建,1
2016/05/25,部品ねらい,松ヶ丘1丁目,,1
2016/05/25,自販機ねらい,十太夫,,1
2016/05/25,自転車盗,南流山6丁目,,1
2016/05/25,非侵入窃盗,十太夫,,1
2016/05/25,非侵入窃盗,大字木,,1
2016/05/25,万引き,西初石6丁目,,1
2016/05/26,自転車盗,大字流山,,1
2016/05/26,器物損壊,南流山3丁目,,1
2016/05/26,非侵入窃盗,大字流山,,1
2016/05/26,住居侵入,名都借,,1
2016/05/27,自転車盗,西初石2丁目,,1
2016/05/27,自転車盗,西初石6丁目,,1
2016/05/27,非侵入窃盗,大字中野久木,,1
2016/05/27,万引き,大字東深井,,1
2016/05/27,万引き,中,,1
2016/05/27,万引き,西初石6丁目,,1
2016/05/28,忍び込み,江戸川台東2丁目,,1
2016/05/28,事務所荒し,大字西深井,,1
2016/05/28,自転車盗,大字東深井,,1
2016/05/28,自転車盗,南流山4丁目,,1
2016/05/28,住居侵入,江戸川台東4丁目,未遂,1
2016/05/28,色情ねらい,西松ヶ丘1丁目,,1
2016/05/30,傷害,西初石6丁目,,1
2016/05/30,万引き,大字東深井,,1
2016/05/30,非侵入窃盗,大字西深井,,1
2016/05/31,自転車盗,市野谷,,1
2016/05/31,自転車盗,大字三輪野山,,1
2016/05/31,自転車盗,南流山1丁目,,1
2016/05/31,自転車盗,松ヶ丘5丁目,,1
2016/05/31,非侵入窃盗,駒木,,1
2016/05/31,傷害,大字西平井,,1
2016/06/01,自転車盗,市野谷,,1
2016/06/02,車上ねらい,鰭ヶ崎,,1
2016/06/02,部品ねらい,向小金1丁目,,1
2016/06/02,部品ねらい,向小金2丁目,,1
2016/06/02,器物損壊,駒木,,1
2016/06/02,払出し盗,南流山2丁目,,1
2016/06/02,払出し盗,南流山4丁目,,1
2016/06/02,万引き,西初石6丁目,,1
2016/06/02,さい銭ねらい,駒木台,,1
2016/06/04,自転車盗,大字三輪野山4丁目,,1
2016/06/04,万引き,江戸川台東2丁目,,1
2016/06/06,部品ねらい,大字西平井,,1
2016/06/06,器物損壊,平和台4丁目,,1
2016/06/06,万引き,向小金1丁目,,1
2016/06/07,自転車盗,大字東深井,,1
2016/06/07,器物損壊,市野谷,,1
2016/06/07,住居侵入,美原2丁目,,1
2016/06/07,工事場ねらい,大字西深井,,1
2016/06/08,自動車盗,向小金1丁目,,1
2016/06/08,忍び込み,江戸川台西1丁目,戸建,1
2016/06/08,非侵入窃盗,名都借,,1
2016/06/09,車上ねらい,大字三輪野山4丁目,,1
2016/06/10,自動車盗,江戸川台東1丁目,,1
2016/06/10,車上ねらい,南流山1丁目,,1
2016/06/10,部品ねらい,南流山7丁目,,1
2016/06/10,置引き,大字西平井,,1
2016/06/11,事務所荒らし,大字西平井,,1
2016/06/11,自転車盗,野々下6丁目,,1
2016/06/11,器物損壊,大字東深井,,1
2016/06/11,万引き,流山9丁目,,1
2016/06/12,自転車盗,南流山6丁目,,1
2016/06/12,自転車盗,駒木,,1
2016/06/12,器物損壊,南流山7丁目,,1
2016/06/12,横領,南流山1丁目,,1
2016/06/13,建造物侵入,大字南,,1
2016/06/13,職場ねらい,西初石6丁目,,1
2016/06/14,空き巣,加4丁目,集合住宅,1
2016/06/14,忍び込み,大字木,戸建,1
2016/06/14,忍び込み,大字西平井,戸建,1
2016/06/14,自転車盗,大字西平井,,1
2016/06/14,自転車盗,大字東深井,,1
2016/06/14,自転車盗,宮園1丁目,,1
2016/06/14,万引き,西初石3丁目,,1
2016/06/14,恐喝,市野谷,,1
2016/06/14,非侵入窃盗,大字西平井,,1
2016/06/14,非侵入窃盗,大字平方,,1
2016/06/15,空き巣,南流山1丁目,集合住宅,1
2016/06/15,自転車盗,西初石6丁目,,1
2016/06/15,万引き,西初石6丁目,,1
2016/06/16,空き巣,向小金2丁目,集合住宅,1
2016/06/16,置き引き,駒木,,1
2016/06/16,万引き,流山9丁目,,1
2016/06/16,住居侵入,江戸川台東1丁目,,1
2016/06/17,自転車盗,南流山1丁目,,1
2016/06/17,自転車盗,大字東深井,,1
2016/06/17,器物損壊,加4丁目,,1
2016/06/17,万引き,十太夫,2件,1
2016/06/17,万引き,松ヶ丘3丁目,,1
2016/06/17,万引き,大字東深井,,1
2016/06/17,万引き,西初石6丁目,,1
2016/06/18,自転車盗,南流山1丁目,,1
2016/06/18,器物損壊,南流山7丁目,,1
2016/06/18,暴行,南流山1丁目,,1
2016/06/19,自転車盗,向小金1丁目,,1
2016/06/20,自転車盗,南流山2丁目,,1
2016/06/20,非侵入窃盗,大字木,,1
2016/06/21,車上ねらい,向小金1丁目,,1
2016/06/21,車上ねらい,大字中野久木,,1
2016/06/21,車上ねらい,美原4丁目,,1
2016/06/21,自転車盗,江戸川台東1丁目,,1
2016/06/22,自販機ねらい,前ヶ崎,,1
2016/06/22,器物損壊,美原4丁目,,1
2016/06/23,居空き,前ヶ崎,戸建,1
2016/06/23,万引き,大字西平井,,1
2016/06/24,オートバイ盗,東初石2丁目,,1
2016/06/24,自転車盗,西初石6丁目,,1
2016/06/25,車上ねらい,南流山7丁目,,1
2016/06/26,自動車盗,西初石5丁目,,1
2016/06/26,車上ねらい,十太夫,,1
2016/06/26,自転車盗,東初石5丁目,,1
2016/06/26,自転車盗,十太夫,,1
2016/06/26,器物損壊,向小金4丁目,,1
2016/06/26,非侵入窃盗,松ヶ丘1丁目,,1
2016/06/27,車上ねらい,大字流山,,1
2016/06/27,車上ねらい,流山2丁目,2件,1
2016/06/27,自転車盗,市野谷,,1
2016/06/27,窃盗その他,大字東深井,,1
2016/06/27,万引き,大字東深井,2件,1
2016/06/28,自転車盗,南流山1丁目,,1
2016/06/28,無賃乗車,向小金1丁目,,1
2016/06/28,傷害,加3丁目,,1
2016/06/29,自転車盗,南流山1丁目,,1
2016/06/29,自転車盗,鰭ヶ崎,,1
2016/06/29,自転車盗,駒木,,1
2016/06/29,詐欺,平和台5丁目,,1
2016/06/30,車上ねらい,西初石6丁目,,1
2016/06/30,部品ねらい,大字流山,,1
2016/06/30,自転車盗,南流山3丁目,,1
2016/06/30,置引き,西初石6丁目,,1
2016/07/01,車上ねらい,流山1丁目,,1
2016/07/01,車上ねらい,流山8丁目,,1
2016/07/01,空き巣,南流山7丁目,集合住宅,1
2016/07/01,忍び込み,西初石4丁目,戸建,1
2016/07/01,忍び込み,西初石3丁目,戸建,1
2016/07/01,置引き,西初石6丁目,,1
2016/07/02,部品ねらい,南流山8丁目,,1
2016/07/02,忍び込み,大字東深井,戸建,1
2016/07/02,自転車盗,鰭ヶ崎,,1
2016/07/02,自転車盗,加4丁目,,1
2016/07/03,自動車盗,大字流山,,1
2016/07/03,部品ねらい,大字木,,1
2016/07/03,自転車盗,東初石6丁目,,1
2016/07/03,器物損壊,南流山8丁目,,1
2016/07/03,住居侵入,大字東深井,,1
2016/07/03,住居侵入,流山7丁目,,1
2016/07/04,自転車盗,野々下3丁目,,1
2016/07/04,自転車盗,東初石1丁目,,1
2016/07/04,自転車盗,西初石6丁目,,1
2016/07/04,自転車盗,南流山1丁目,,1
2016/07/04,万引き,大字東深井,,1
2016/07/06,部品ねらい,南流山6丁目,,1
2016/07/06,空き巣,東初石3丁目,戸建,1
2016/07/06,空き巣,東初石2丁目,戸建,1
2016/07/06,無賃乗車,向小金1丁目,,1
2016/07/06,万引き,十太夫,,1
2016/07/07,振り込め詐欺,中,,1
2016/07/07,住居侵入,南流山5丁目,,1
2016/07/08,車上ねらい,東初石4丁目,,1
2016/07/08,自転車盗,江戸川台西2丁目,,1
2016/07/08,建造物侵入,南流山8丁目,,1
2016/07/08,置引き,流山9丁目,,1
2016/07/08,詐欺,西初石6丁目,,1
2016/07/08,万引き,南流山2丁目,,1
2016/07/08,住居侵入,東初石3丁目,未遂,1
2016/07/09,車上ねらい,松ヶ丘3丁目,,1
2016/07/09,自転車盗,江戸川台西2丁目,,1
2016/07/09,置引き,西初石6丁目,,1
2016/07/09,住居侵入,東初石1丁目,,1
2016/07/10,車上ねらい,十太夫,,1
2016/07/10,自転車盗,平和台2丁目,,1
2016/07/11,自動車盗,大字東深井,,1
2016/07/11,車上ねらい,野々下1丁目,,1
2016/07/11,自転車盗,西初石6丁目,,1
2016/07/12,傷害,西初石6丁目,,1
2016/07/13,自転車盗,大字東深井,,1
2016/07/14,事務所荒し,十太夫,,1
2016/07/14,自転車盗,江戸川台東2丁目,,1
2016/07/14,器物損壊,大字東深井,,1
2016/07/14,万引き,流山9丁目,,1
2016/07/15,自転車盗,向小金1丁目,,1
2016/07/15,無賃乗車,富士見台2丁目,,1
2016/07/16,自転車盗,江戸川台東3丁目,,1
2016/07/16,自転車盗,江戸川台東1丁目,,1
2016/07/16,自転車盗,大字西平井,2件,1
2016/07/16,万引き,流山6丁目,,1
2016/07/17,オートバイ盗,向小金2丁目,,1
2016/07/17,自転車盗,駒木,,1
2016/07/18,万引き,流山5丁目,,1
2016/07/19,自動車盗,南流山7丁目,,1
2016/07/19,部品ねらい,南流山2丁目,,1
2016/07/19,その他侵入盗,東初石1丁目,未遂,1
2016/07/19,置引き,大字木,,1
2016/07/19,万引き,西初石6丁目,,1
2016/07/19,非侵入窃盗,東初石1丁目,,1
2016/07/20,その他侵入盗,東初石4丁目,未遂,1
2016/07/20,自転車盗,西初石6丁目,,1
2016/07/20,脅迫,向小金1丁目,,1
2016/07/21,出店荒し,鰭ヶ崎,,1
2016/07/21,自転車盗,南流山1丁目,,1
2016/07/21,自転車盗,東初石6丁目,,1
2016/07/21,電話de詐欺,西初石2丁目,,1
2016/07/21,万引き,西初石6丁目,,1
2016/07/22,万引き,中,,1
2016/07/22,置引き,市野谷,,1
2016/07/23,オートバイ盗,松ヶ丘1丁目,,1
2016/07/23,自転車盗,大字西平井,,1
2016/07/24,その他侵入盗,江戸川台東4丁目,,1
2016/07/24,自転車盗,大字東深井,,1
2016/07/24,器物損壊,美原4丁目,,1
2016/07/25,車上ねらい,加4丁目,,1
2016/07/25,車上ねらい,南流山2丁目,,1
2016/07/25,傷害,流山8丁目,,1
2016/07/25,横領,大字東深井,,1
2016/07/26,自転車盗,流山5丁目,,1
2016/07/26,器物損壊,駒木,,1
2016/07/26,工事場ねらい,十太夫,,1
2016/07/27,自動車盗,南流山2丁目,2件,1
2016/07/27,車上ねらい,市野谷,,1
2016/07/27,空き巣,十太夫,集合住宅,1
2016/07/27,自転車盗,大字東深井,,1
2016/07/27,自転車盗,流山9丁目,,1
2016/07/27,自転車盗,江戸川台東1丁目,,1
2016/07/27,非侵入窃盗,南流山4丁目,3件,1
2016/07/28,車上ねらい,平和台5丁目,,1
2016/07/28,侵入盗その他,東初石2丁目,未遂,1
2016/07/28,自転車盗,野々下1丁目,,1
2016/07/28,置引き,大字三輪野山4丁目,,1
2016/07/28,非侵入窃盗,若葉台,,1
2016/07/29,車上ねらい,加1丁目,,1
2016/07/29,忍び込み,東初石3丁目,戸建,1
2016/07/29,自転車盗,江戸川台東2丁目,,1
2016/07/29,自転車盗,向小金2丁目,,1
2016/07/29,傷害,宮園1丁目,,1
2016/07/29,詐欺,江戸川台西3丁目,,1
2016/07/30,空き巣,南流山5丁目,集合住宅,1
2016/07/30,侵入盗その他,こうのす台,戸建,1
2016/07/30,自転車盗,大字東深井,,1
2016/07/30,自転車盗,前平井,,1
2016/07/30,自転車盗,向小金1丁目,,1
2016/07/30,自転車盗,東初石6丁目,,1
2016/07/30,非侵入窃盗,美原1丁目,,1
2016/07/31,車上ねらい,大字三輪野山1丁目,,1
2016/07/31,部品ねらい,大字三輪野山1丁目,,1
2016/07/31,自転車盗,大字東深井,,1
2016/07/31,自転車盗,西初石6丁目,2件,1
2016/07/31,置引き,野々下1丁目,,1
2016/07/31,非侵入窃盗,南流山4丁目,,1
2016/08/01,色情ねらい,長崎1丁目,,1
2016/08/01,万引き,西初石3丁目,,1
2016/08/01,万引き,大字東深井,,1
2016/08/01,自動車盗,大字平方,,1
2016/08/01,万引き,大字鰭ケ崎,,1
2016/08/02,自転車盗,江戸川台西2丁目,,1
2016/08/02,出店荒し,南流山4丁目,2件,1
2016/08/03,侵入盗その他,江戸川台東1丁目,2件（いずれも戸建）,1
2016/08/03,器物損壊,大字東深井,,1
2016/08/04,侵入盗その他,こうのす台,戸建,1
2016/08/04,置引き,西初石6丁目,,1
2016/08/04,侵入盗その他,大字東深井,戸建,1
2016/08/04,自転車盗,南流山4丁目,,1
2016/08/05,忍び込み,青田,戸建,1
2016/08/05,自転車盗,東初石6丁目,,1
2016/08/06,侵入盗その他,江戸川台東4丁目,戸建,1
2016/08/06,暴行,駒木,,1
2016/08/06,空き巣,十太夫,集合住宅,1
2016/08/06,傷害,西初石4丁目,,1
2016/08/06,万引き,大字東深井,,1
2016/08/06,空き巣,平和台5丁目,集合住宅,1
2016/08/06,部品ねらい,南流山8丁目,,1
2016/08/07,無賃乗車,江戸川台東2丁目,,1
2016/08/07,空き巣,十太夫,集合住宅,1
2016/08/07,出店荒し,流山4丁目,,1
2016/08/07,非侵入盗その他,大字西平井,,1
2016/08/07,自動車盗,大字東深井,,1
2016/08/07,侵入盗その他,大字東深井,戸建,1
2016/08/08,万引き,市野谷,,1
2016/08/08,侵入盗その他,江戸川台東4丁目,戸建,1
2016/08/08,オートバイ盗,西初石6丁目,,1
2016/08/09,横領,名都借,,1
2016/08/09,万引き,大字東深井,,1
2016/08/09,オートバイ盗,平和台1丁目,,1
2016/08/10,万引き,流山9丁目,,1
2016/08/10,オートバイ盗,西初石6丁目,,1
2016/08/10,自転車盗,南流山4丁目,,1
2016/08/10,車上ねらい,大字三輪野山1丁目,,1
2016/08/10,車上ねらい,向小金1丁目,2件,1
2016/08/11,住居侵入,こうのす台,,1
2016/08/11,車上ねらい,駒木,,1
2016/08/11,部品ねらい,名都借,,1
2016/08/12,空き巣,江戸川台西4丁目,戸建,1
2016/08/12,自転車盗,江戸川台東1丁目,,1
2016/08/12,自転車盗,東初石6丁目,,1
2016/08/12,万引き,大字東深井,,1
2016/08/12,車上ねらい,松ヶ丘3丁目,,1
2016/08/12,自転車盗,南流山2丁目,,1
2016/08/12,車上ねらい,向小金1丁目,,1
2016/08/13,住居侵入,加3丁目,,1
2016/08/13,自転車盗,大字西平井,,1
2016/08/13,車上ねらい,美田,,1
2016/08/13,自転車盗,向小金3丁目,,1
2016/08/14,自転車盗,西初石6丁目,,1
2016/08/15,野荒らし,大字北,,1
2016/08/15,部品ねらい,大字東深井,,1
2016/08/15,自転車盗,宮園3丁目,,1
2016/08/16,部品ねらい,西初石4丁目,,1
2016/08/17,器物損壊,大字中野久木,,1
2016/08/17,部品ねらい,西初石4丁目,,1
2016/08/17,非侵入窃盗その他,松ケ丘2丁目,,1
2016/08/18,侵入盗その他,東初石2丁目,戸建,1
2016/08/18,自転車盗,南流山2丁目,,1
2016/08/19,侵入盗その他,大字木,戸建,1
2016/08/19,オートバイ盗,駒木,,1
2016/08/19,暴行,西初石3丁目,,1
2016/08/20,器物損壊,野々下1丁目,,1
2016/08/20,忍び込み,大字東深井,戸建,1
2016/08/20,器物損壊,大字東深井,,1
2016/08/20,車上ねらい,富士見台,,1
2016/08/21,非侵入窃盗その他,駒木,,1
2016/08/21,自転車盗,西初石2丁目,,1
2016/08/21,侵入盗その他,大字平方,戸建,1
2016/08/21,器物損壊,大字鰭ケ崎,,1
2016/08/22,自転車盗,江戸川台東4丁目,,1
2016/08/23,工事場ねらい,大字木,,1
2016/08/23,自動車盗,前ヶ崎,,1
2016/08/24,自転車盗,江戸川台西1丁目,,1
2016/08/24,万引き,西初石5丁目,,1
2016/08/24,自転車盗,南流山4丁目,,1
2016/08/25,オートバイ盗,江戸川台東1丁目,,1
2016/08/25,自転車盗,江戸川台東1丁目,,1
2016/08/25,自転車盗,大字鰭ケ崎,,1
2016/08/25,自転車盗,南流山4丁目,,1
2016/08/26,自転車盗,加1丁目,,1
2016/08/26,ひったくり,南流山3丁目,,1
2016/08/27,自転車盗,野々下6丁目,,1
2016/08/27,色情ねらい,南流山6丁目,,1
2016/08/28,自転車盗,加1丁目,,1
2016/08/28,自転車盗,大字鰭ケ崎,,1
2016/08/29,侵入盗その他,大字平方,,1
2016/08/29,自転車盗,大字鰭ケ崎,,1
2016/08/29,器物損壊,西初石6丁目,,1
2016/08/30,自動車盗,南流山7丁目,,1
2016/08/30,自転車盗,西初石2丁目,,1
2016/08/30,電話de詐欺,古間木,,1
2016/08/30,非侵入窃盗,松ヶ丘4丁目,3件,1
2016/08/31,自動車盗,南流山5丁目,,1
2016/08/31,空き巣,前ヶ崎,集合住宅,1
2016/08/31,無銭飲食,南流山4丁目,,1
2016/09/01,住居侵入,青田,,1
2016/09/01,自転車盗,流山4丁目,,1
2016/09/01,侵入盗その他,大字深井新田,戸建,1
2016/09/01,非侵入窃盗,古間木,,1
2016/09/02,工場荒し,市野谷,,1
2016/09/02,部品ねらい,駒木,,1
2016/09/02,万引き,大字東深井,,1
2016/09/02,車上ねらい,前平井,,1
2016/09/02,自転車盗,向小金3丁目,,1
2016/09/03,忍び込み,後平井,戸建,1
2016/09/03,空き巣,前ヶ崎,戸建,1
2016/09/03,器物損壊,松ケ丘5丁目,,1
2016/09/03,自転車盗,大字三輪野山,,1
2016/09/04,自転車盗,大字鰭ケ崎,,1
2016/09/04,ひったくり,南流山6丁目,,1
2016/09/05,空き巣,江戸川台東1丁目,戸建,1
2016/09/05,工事場ねらい,思井,,1
2016/09/05,自転車盗,富士見台2丁目,,1
2016/09/05,空き巣,前ヶ崎,集合住宅,1
2016/09/05,非侵入窃盗その他,南流山2丁目,,1
2016/09/06,自転車盗,西初石3丁目,,1
2016/09/06,万引き,西初石6丁目,,1
2016/09/06,万引き,大字東深井,,1
2016/09/06,空き巣,平和台4丁目,集合住宅,1
2016/09/06,部品ねらい,南流山1丁目,,1
2016/09/06,万引き,向小金2丁目,,1
2016/09/07,万引き,江戸川台東3丁目,,1
2016/09/07,器物損壊,大字谷,,1
2016/09/07,万引き,流山2丁目,,1
2016/09/07,車上ねらい,大字西深井,,1
2016/09/07,自転車盗,大字鰭ケ崎,,1
2016/09/07,部品ねらい,南流山5丁目,,1
2016/09/08,万引き,西初石6丁目,,1
2016/09/08,自転車盗,大字東深井,,1
2016/09/08,非侵入窃盗その他,大字鰭ケ崎,,1
2016/09/09,自転車盗,西初石4丁目,,1
2016/09/09,空き巣,西初石5丁目,集合住宅,1
2016/09/09,自転車盗,大字東深井,,1
2016/09/09,器物損壊,南流山4丁目,2件,1
2016/09/10,自転車盗,大字東深井,,1
2016/09/10,非侵入窃盗その他,前ヶ崎,,1
2016/09/10,自転車盗,大字三輪野山1丁目,,1
2016/09/11,自転車盗,西初石6丁目,,1
2016/09/11,自転車盗,大字東深井,,1
2016/09/12,自転車盗,南流山4丁目,,1
2016/09/12,自転車盗,南流山7丁目,,1
2016/09/12,自転車盗,西初石3丁目,,1
2016/09/13,部品ねらい,加4丁目,,1
2016/09/13,非侵入窃盗その他,大字南,,1
2016/09/13,器物損壊,加4丁目,,1
2016/09/14,オートバイ盗,美原4丁目,,1
2016/09/14,自転車盗,西初石3丁目,,1
2016/09/14,万引き,西初石6丁目,,1
2016/09/15,車上ねらい,大字流山,,1
2016/09/16,自動車盗,前平井,,1
2016/09/16,空き巣,思井,戸建,1
2016/09/16,侵入盗その他,宮園2丁目,戸建,1
2016/09/16,自転車盗,長崎1丁目,,1
2016/09/16,自転車盗,南流山4丁目,,1
2016/09/16,万引き,大字東深井,2件,1
2016/09/17,空き巣,宮園3丁目,戸建,1
2016/09/17,侵入盗その他,宮園2丁目,戸建,1
2016/09/17,侵入盗その他,加5丁目,戸建・未遂,1
2016/09/17,自転車盗,大字東深井,,1
2016/09/17,器物損壊,南流山6丁目,,1
2016/09/17,置引き,美原2丁目,,1
2016/09/17,万引き,流山9丁目,,1
2016/09/18,自転車盗,向小金1丁目,,1
2016/09/19,部品ねらい,南流山6丁目,,1
2016/09/19,自転車盗,南流山3丁目,,1
2016/09/21,自転車盗,西初石5丁目,,1
2016/09/21,詐欺,美原2丁目,,1
2016/09/22,車上ねらい,松ケ丘3丁目,2件,1
2016/09/23,自動車盗,鰭ヶ崎,,1
2016/09/23,自転車盗,向小金2丁目,,1
2016/09/23,自転車盗,江戸川台東2丁目,,1
2016/09/23,暴行,東初石2丁目,,1
2016/09/25,オートバイ盗,大字西深井,,1
2016/09/26,自転車盗,野々下6丁目,,1
2016/09/26,非侵入窃盗その他,前ヶ崎,,1
2016/09/26,傷害,向小金3丁目,,1
2016/09/26,建造物損壊,南流山1丁目,,1
2016/09/27,器物損壊,東初石4丁目,,1
2016/09/27,万引き,南流山3丁目,,1
2016/09/27,万引き,向小金1丁目,,1
2016/09/27,非侵入窃盗その他,大字小屋,,1
2016/09/28,万引き,加1丁目,,1
2016/09/28,万引き,西初石6丁目,,1
2016/09/29,自動車盗,南流山7丁目,,1
2016/09/29,非侵入窃盗その他,十太夫,,1
2016/09/29,非侵入窃盗その他,大字平方,,1
2016/09/29,工事場ねらい,大字南,,1
2016/09/29,住居侵入,大字鰭ケ崎,,1
2016/09/30,住居侵入,西初石6丁目,2件,1
2016/09/30,置引き,大字流山,,1
2016/09/30,万引き,野々下6丁目,,1
2016/09/30,器物損壊,野々下3丁目,,1
2016/09/30,器物損壊,野々下4丁目,,1
2016/09/30,器物損壊,大字西深井,,1
2016/10/01,自動車盗,南流山2丁目,,1
2016/10/01,忍び込み,青田,戸建,1
2016/10/01,自転車盗,西初石2丁目,,1
2016/10/02,自転車盗,東初石1丁目,,1
2016/10/02,万引き,流山9丁目,,1
2016/10/02,器物損壊,大字鰭ケ崎,,1
2016/10/02,器物損壊,南流山6丁目,,1
2016/10/02,器物損壊,市野谷,,1
2016/10/02,非侵入窃盗その他,南流山5丁目,,1
2016/10/03,車上ねらい,南流山6丁目,,1
2016/10/03,器物損壊,市野谷,,1
2016/10/03,万引き,江戸川台東3丁目,,1
2016/10/03,万引き,西初石5丁目,,1
2016/10/03,万引き,西初石6丁目,,1
2016/10/04,非侵入窃盗その他,南流山3丁目,,1
2016/10/04,器物損壊,名都借,,1
2016/10/05,自転車盗,南流山4丁目,,1
2016/10/06,部品ねらい,大字西深井,,1
2016/10/06,空き巣,向小金3丁目,集合住宅,1
2016/10/07,空き巣,平和台5丁目,集合住宅,1
2016/10/07,空き巣,江戸川台東1丁目,集合住宅・未遂,1
2016/10/07,自転車盗,江戸川台東3丁目,,1
2016/10/07,器物損壊,東初石2丁目,,1
2016/10/07,非侵入窃盗その他,南流山2丁目,,1
2016/10/08,自動販売機ねらい,大字西深井,,1
2016/10/08,自動車盗,南流山3丁目,,1
2016/10/08,器物損壊,東初石3丁目,,1
2016/10/08,横領,流山9丁目,,1
2016/10/08,万引き,西初石6丁目,,1
2016/10/10,忍び込み,野々下6丁目,集合住宅,1
2016/10/11,自転車盗,大字東深井,,1
2016/10/12,部品ねらい,加4丁目,,1
2016/10/12,空き巣,江戸川台東4丁目,戸建,1
2016/10/12,空き巣,大字中野久木,戸建,1
2016/10/12,空き巣,こうのす台,戸建・未遂,1
2016/10/12,自転車盗,大字木,,1
2016/10/12,置引き,大字西深井,,1
2016/10/12,置引き,東初石6丁目,,1
2016/10/12,器物損壊,松ヶ丘4丁目,,1
2016/10/12,住居侵入,こうのす台,,1
2016/10/13,車上ねらい,江戸川台東4丁目,,1
2016/10/13,車上ねらい,こうのす台,,1
2016/10/13,器物損壊,市野谷,,1
2016/10/13,器物損壊,松ヶ丘5丁目,,1
2016/10/13,住居侵入,こうのす台,,1
2016/10/14,非侵入窃盗その他,十太夫,,1
2016/10/15,車上ねらい,大字中野久木,,1
2016/10/15,自転車盗,南流山1丁目,,1
2016/10/16,空き巣,東初石3丁目,集合住宅,1
2016/10/16,自転車盗,西松ヶ丘1丁目,,1
2016/10/16,自転車盗,西初石1丁目,,1
2016/10/17,オートバイ盗,美原4丁目,,1
2016/10/17,侵入盗その他,前ヶ崎,,1
2016/10/17,万引き,西初石6丁目,2件,1
2016/10/18,車上ねらい,松ヶ丘3丁目,,1
2016/10/18,車上ねらい,向小金1丁目,,1
2016/10/18,忍込み,大字鰭ケ崎,戸建住宅,1
2016/10/18,自転車盗,東初石3丁目,,1
2016/10/18,自転車盗,東初石6丁目,,1
2016/10/18,自転車盗,大字東深井,,1
2016/10/18,自転車盗,南流山2丁目,,1
2016/10/18,自転車盗,市野谷,,1
2016/10/18,自転車盗,美原2丁目,,1
2016/10/18,非侵入窃盗その他,駒木,,1
2016/10/19,車上ねらい,南流山4丁目,,1
2016/10/19,車上ねらい,大字鰭ケ崎,,1
2016/10/19,車上ねらい,加1丁目,,1
2016/10/19,車上ねらい,加6丁目,2件（うち1件は未遂）,1
2016/10/19,自転車盗,青田,,1
2016/10/19,自転車盗,大字鰭ケ崎,,1
2016/10/20,居空き,大字西深井,戸建,1
2016/10/20,器物損壊,大字西平井,,1
2016/10/20,住居侵入,大字西深井,戸建,1
2016/10/20,自転車盗,流山9丁目,,1
2016/10/21,ひったくり,江戸川台東1丁目,,1
2016/10/21,車上ねらい,松ヶ丘3丁目,,1
2016/10/21,車上ねらい,前ヶ崎,,1
2016/10/21,自転車盗,駒木,,1
2016/10/21,自転車盗,西初石6丁目,,1
2016/10/21,傷害,加5丁目,,1
2016/10/21,万引き,西初石6丁目,,1
2016/10/22,自動販売機ねらい,向小金1丁目,,1
2016/10/22,侵入盗その他,江戸川台西1丁目,,1
2016/10/22,自転車盗,南流山2丁目,,1
2016/10/22,自転車盗,大字木,,1
2016/10/22,置引き,大字加,,1
2016/10/22,暴行,大字東深井,,1
2016/10/23,部品ねらい,西初石3丁目,,1
2016/10/23,空き巣,大字木,戸建住宅,1
2016/10/23,非侵入窃盗その他,駒木台,,1
2016/10/24,自動車盗,大字鰭ケ崎,,1
2016/10/24,自動車盗,思井,,1
2016/10/24,事務所荒し,市野谷,,1
2016/10/24,自転車盗,南流山1丁目,,1
2016/10/24,非侵入窃盗その他,駒木,,1
2016/10/25,自動車盗,加3丁目,,1
2016/10/25,自転車盗,前ヶ崎,,1
2016/10/25,自転車盗,流山1丁目,,1
2016/10/26,万引き,流山9丁目,,1
2016/10/26,工事場ねらい,大字西平井,,1
2016/10/26,器物損壊,美原2丁目,,1
2016/10/27,忍込み,市野谷,戸建住宅,1
2016/10/27,空き巣,南流山5丁目,集合住宅,1
2016/10/27,空き巣,野々下3丁目,戸建住宅,1
2016/10/27,自転車盗,西初石6丁目,,1
2016/10/27,自転車盗,加2丁目,,1
2016/10/27,万引き,西初石2丁目,,1
2016/10/27,工事場ねらい,大字西平井,2件,1
2016/10/27,非侵入窃盗その他,中,,1
2016/10/28,非侵入窃盗その他,駒木,,1
2016/10/28,万引き,西初石6丁目,,1
2016/10/28,自転車盗,大字東深井,,1
2016/10/29,車上ねらい,大字南,,1
2016/10/29,建造物侵入,南流山7丁目,,1
2016/10/29,自転車盗,向小金1丁目,,1
2016/10/29,自転車盗,西初石6丁目,,1
2016/10/30,忍込み,加2丁目,戸建住宅,1
2016/10/30,自転車盗,加1丁目,,1
2016/10/30,器物損壊,南流山4丁目,,1
2016/10/31,部品ねらい,美原3丁目,,1
2016/10/31,自転車盗,江戸川台西2丁目,,1
2016/10/31,万引き,西初石6丁目,,1
2016/10/31,工事場ねらい,西初石5丁目,,1
2016/11/01,強盗,平和台5丁目,,1
2016/11/01,車上ねらい,南流山4丁目,未遂,1
2016/11/01,自転車盗,南流山1丁目,,1
2016/11/01,万引き,大字東深井,,1
2016/11/01,万引き,大字鰭ケ崎,,1
2016/11/01,万引き,向小金1丁目,,1
2016/11/02,暴行,江戸川台東3丁目,,1
2016/11/03,部品ねらい,大字東深井,,1
2016/11/03,車上ねらい,西初石3丁目,,1
2016/11/03,自転車盗,南流山1丁目,,1
2016/11/04,空き巣,十太夫,集合住宅,1
2016/11/04,自転車盗,大字東深井,,1
2016/11/04,器物損壊,江戸川台東2丁目,,1
2016/11/05,自転車盗,大字東深井,,1
2016/11/05,自転車盗,大字鰭ケ崎,,1
2016/11/06,部品ねらい,駒木台,,1
2016/11/06,自転車盗,南流山1丁目,,1
2016/11/07,工事場ねらい,十太夫,,1
2016/11/07,工事場ねらい,西初石5丁目,,1
2016/11/07,傷害,南流山3丁目,,1
2016/11/08,車上ねらい,野々下3丁目,,1
2016/11/08,自転車盗,野々下6丁目,,1
2016/11/08,暴行,西初石6丁目,,1
2016/11/08,万引き,南流山2丁目,,1
2016/11/09,自販機ねらい,大字西深井,,1
2016/11/10,置引き,西初石5丁目,,1
2016/11/10,置引き,駒木,,1
2016/11/11,自転車盗,前ヶ崎,,1
2016/11/11,脅迫,向小金3丁目,,1
2016/11/12,部品ねらい,南流山7丁目,未遂,1
2016/11/12,自転車盗,大字東深井,,1
2016/11/12,自転車盗,江戸川台西2丁目,,1
2016/11/12,非侵入窃盗その他,西初石4丁目,,1
2016/11/12,非侵入窃盗その他,西初石6丁目,,1
2016/11/13,自転車盗,南流山3丁目,,1
2016/11/13,侵入盗その他,市野谷,,1
2016/11/13,傷害,南流山3丁目,,1
2016/11/14,車上ねらい,大字鰭ケ崎,,1
2016/11/14,空き巣,南流山8丁目,,1
2016/11/14,万引き,西初石6丁目,,1
2016/11/14,置引き,大字大字三輪野山,,1
2016/11/15,器物損壊,大字東深井,,1
2016/11/15,強制わいせつ,西初石2丁目,,1
2016/11/16,自動車盗,平和台3丁目,,1
2016/11/16,自販機ねらい,前ヶ崎,,1
2016/11/16,工事場ねらい,十太夫,,1
2016/11/17,車上ねらい,大字三輪野山1丁目,,1
2016/11/17,車上ねらい,大字三輪野山3丁目,未遂,1
2016/11/17,自転車盗,南流山7丁目,,1
2016/11/18,自転車盗,南流山3丁目,,1
2016/11/18,工事場ねらい,大字桐ケ谷,,1
2016/11/19,自転車盗,大字東深井,,1
2016/11/20,自販機ねらい,大字西平井,未遂,1
2016/11/20,事務所荒し,東初石6丁目,,1
2016/11/20,住居侵入,駒木,,1
2016/11/20,置引き,大字中野久木,,1
2016/11/21,電話de詐欺,駒木,孫騙り,1
2016/11/22,置引き,大字桐ケ谷,,1
2016/11/23,自転車盗,南流山1丁目,,1
2016/11/23,自転車盗,大字東深井,,1
2016/11/24,自動車盗,江戸川台東2丁目,,1
2016/11/24,車上ねらい,南流山1丁目,,1
2016/11/24,空き巣,南流山8丁目,戸建住宅,1
2016/11/24,傷害,西初石6丁目,,1
2016/11/24,自動車盗,江戸川台西2丁目,,1
2016/11/25,部品ねらい,江戸川台東1丁目,,1
2016/11/25,非侵入窃盗その他,東初石5丁目,,1
2016/11/25,非侵入窃盗その他,南流山2丁目,,1
2016/11/26,車上ねらい,南流山7丁目,,1
2016/11/26,自転車盗,向小金1丁目,,1
2016/11/26,万引き,十太夫,,1
2016/11/27,工事場ねらい,東初石6丁目,,1
2016/11/27,自転車盗,東初石1丁目,,1
2016/11/27,非侵入窃盗その他,こうのす台,,1
